Fall classification,year,reclat,reclong,GeoLocation,country
Fell,860,33.725,130.75,"(33.725000, 130.750000)",JP
Fell,920,42.51667,12.51667,"(42.516670, 12.516670)",IT
Fell,1399,50.18333,12.73333,"(50.183330, 12.733330)",CZ
Fell,1490,45.48333,9.51667,"(45.483330, 9.516670)",IT
Fell,1491,47.86667,7.35,"(47.866670, 7.350000)",FR
Fell,1495,44.06667,12.1,"(44.066670, 12.100000)",IT
Fell,1519,39,-0.03333,"(39.000000, -0.033330)",ES
Fell,1583,39.8,16.2,"(39.800000, 16.200000)",IT
Fell,1621,31,75,"(31.000000, 75.000000)",IN
Fell,1623,50.38333,-3.95,"(50.383330, -3.950000)",GB
Fell,1628,51.65,-1.51667,"(51.650000, -1.516670)",GB
Fell,1632,35.07833,136.93333,"(35.078330, 136.933330)",JP
Fell,1636,51.53333,14.88333,"(51.533330, 14.883330)",PL
Fell,1637,44.08333,6.86667,"(44.083330, 6.866670)",FR
Fell,1647,52.53333,9.05,"(52.533330, 9.050000)",DE
Fell,1654,55.33333,10.33333,"(55.333330, 10.333330)",DK
Fell,1662,58.55,31.33333,"(58.550000, 31.333330)",RU
Fell,1668,45.41667,11.13333,"(45.416670, 11.133330)",IT
Fell,1671,48.5,8,"(48.500000, 8.000000)",DE
Fell,1688,34.71667,137.78333,"(34.716670, 137.783330)",JP
Fell,1704,41.36667,2.16667,"(41.366670, 2.166670)",ES
Fell,1715,53.35,15.05,"(53.350000, 15.050000)",PL
Fell,1723,50.53333,14.11667,"(50.533330, 14.116670)",CZ
Fell,1740,43.5,26.53333,"(43.500000, 26.533330)",BG
Fell,1741,33.28333,130.2,"(33.283330, 130.200000)",JP
Fell,1750,49.03333,-1.43333,"(49.033330, -1.433330)",FR
Fell,1751,46.1,16.33333,"(46.100000, 16.333330)",HR
Fell,1753,46.21667,5,"(46.216670, 5.000000)",FR
Fell,1753,49.4,14.65,"(49.400000, 14.650000)",CZ
Fell,1766,44.65,11.01667,"(44.650000, 11.016670)",IT
Fell,1768,47.85,0.48333,"(47.850000, 0.483330)",FR
Fell,1768,48.18333,13.13333,"(48.183330, 13.133330)",AT
Fell,1769,50.66667,2.33333,"(50.666670, 2.333330)",FR
Fell,1773,41.71667,-0.05,"(41.716670, -0.050000)",ES
Fell,1775,51.33333,28.83333,"(51.333330, 28.833330)",UA
Fell,1775,50.35,10.8,"(50.350000, 10.800000)",DE
Fell,1779,53.53333,-7.33333,"(53.533330, -7.333330)",IE
Fell,1785,48.9,11.21667,"(48.900000, 11.216670)",DE
Fell,1787,50.625,35.075,"(50.625000, 35.075000)",UA
Fell,1790,43.95,-0.05,"(43.950000, -0.050000)",FR
Fell,1791,43.35,11.5,"(43.350000, 11.500000)",IT
Fell,1794,43.11667,11.6,"(43.116670, 11.600000)",IT
Fell,1795,9.33333,80.83333,"(9.333330, 80.833330)",LK
Fell,1795,54.13667,-0.41333,"(54.136670, -0.413330)",GB
Fell,1796,49.78333,30.16667,"(49.783330, 30.166670)",UA
Fell,1796,38.5,-8,"(38.500000, -8.000000)",PT
Fell,1798,25.36667,82.91667,"(25.366670, 82.916670)",IN
Fell,1798,46.05,4.63333,"(46.050000, 4.633330)",FR
Fell,1801,-20,57,"(-20.000000, 57.000000)",MU
Fell,1803,43.86667,5.38333,"(43.866670, 5.383330)",FR
Fell,1803,48.76667,0.63333,"(48.766670, 0.633330)",FR
Fell,1803,48.13333,12.61667,"(48.133330, 12.616670)",DE
Fell,1804,23,-102,"(23.000000, -102.000000)",MX
Fell,1804,49.86667,8.65,"(49.866670, 8.650000)",DE
Fell,1804,55.9,-4.23333,"(55.900000, -4.233330)",GB
Fell,1805,42.45,9.03333,"(42.450000, 9.033330)",FR
Fell,1805,51.2,112.3,"(51.200000, 112.300000)",RU
Fell,1806,44.11667,4.08333,"(44.116670, 4.083330)",FR
Fell,1807,54.5,35.2,"(54.500000, 35.200000)",RU
Fell,1807,41.266667,-73.266667,"(41.266667, -73.266667)",US
Fell,1808,44.86667,10.05,"(44.866670, 10.050000)",IT
Fell,1808,50.2,14.85,"(50.200000, 14.850000)",CZ
Fell,1808,28.78333,78.83333,"(28.783330, 78.833330)",IN
Fell,1808,49.28333,15.56667,"(49.283330, 15.566670)",CZ
Fell,1809,55,34,"(55.000000, 34.000000)",RU
Fell,1810,36.5,-79.25,"(36.500000, -79.250000)",US
Fell,1810,47.93333,1.56667,"(47.933330, 1.566670)",FR
Fell,1810,52.45,-8.33333,"(52.450000, -8.333330)",IE
Fell,1811,41.68333,-3.8,"(41.683330, -3.800000)",ES
Fell,1811,50.75,33.5,"(50.750000, 33.500000)",UA
Fell,1811,13.33333,78.95,"(13.333330, 78.950000)",IN
Fell,1812,55.46667,35.86667,"(55.466670, 35.866670)",RU
Fell,1812,46.68333,1.05,"(46.683330, 1.050000)",FR
Fell,1812,52.21667,11.25,"(52.216670, 11.250000)",DE
Fell,1812,43.6,1.4,"(43.600000, 1.400000)",FR
Fell,1813,52.56667,-8.78333,"(52.566670, -8.783330)",IE
Fell,1813,61.2,27.7,"(61.200000, 27.700000)",FI
Fell,1814,44.21667,0.61667,"(44.216670, 0.616670)",FR
Fell,1814,48.6,38,"(48.600000, 38.000000)",UA
Fell,1814,25.36667,81.66667,"(25.366670, 81.666670)",IN
Fell,1814,13.78333,78.56667,"(13.783330, 78.566670)",IN
Fell,1815,47.71667,5.36667,"(47.716670, 5.366670)",FR
Fell,1815,30.3,76.63333,"(30.300000, 76.633330)",IN
Fell,1817,35.65,139.33333,"(35.650000, 139.333330)",JP
Fell,1818,41.05,23.56667,"(41.050000, 23.566670)",GR
Fell,1818,55,35,"(55.000000, 35.000000)",RU
Fell,1818,50.28333,27.68333,"(50.283330, 27.683330)",UA
Fell,1819,45.43333,-0.45,"(45.433330, -0.450000)",FR
Fell,1819,50.93333,12.13333,"(50.933330, 12.133330)",DE
Fell,1820,56,26.43333,"(56.000000, 26.433330)",LV
Fell,1821,44.71667,4.3,"(44.716670, 4.300000)",FR
Fell,1822,47.46667,-0.55,"(47.466670, -0.550000)",FR
Fell,1822,48.18333,6.46667,"(48.183330, 6.466670)",FR
Fell,1822,25.95,80.81667,"(25.950000, 80.816670)",IN
Fell,1822,27.08333,78.33333,"(27.083330, 78.333330)",IN
Fell,1822,30.33333,76.33333,"(30.333330, 76.333330)",IN
Fell,1823,51.33333,33.88333,"(51.333330, 33.883330)",UA
Fell,1823,44.08333,-69.48333,"(44.083330, -69.483330)",US
Fell,1824,44.76667,11.28333,"(44.766670, 11.283330)",IT
Fell,1824,51.73333,102.53333,"(51.733330, 102.533330)",RU
Fell,1824,49.88333,13.91667,"(49.883330, 13.916670)",CZ
Fell,1825,21.3,-157.86667,"(21.300000, -157.866670)",US
Fell,1825,38.41667,-77.16667,"(38.416670, -77.166670)",US
Fell,1826,44.3,0.4,"(44.300000, 0.400000)",FR
Fell,1826,37.28333,14.7,"(37.283330, 14.700000)",IT
Fell,1826,48.53333,35.98333,"(48.533330, 35.983330)",UA
Fell,1827,53.1,23.2,"(53.100000, 23.200000)",PL
Fell,1827,36.4,-86.5,"(36.400000, -86.500000)",US
Fell,1827,25.9,83.61667,"(25.900000, 83.616670)",IN
Fell,1828,37.46667,-77.5,"(37.466670, -77.500000)",US
Fell,1829,40.25,-74,"(40.250000, -74.000000)",US
Fell,1829,33.01667,-83.96667,"(33.016670, -83.966670)",US
Fell,1829,54.03333,40.9,"(54.033330, 40.900000)",RU
Fell,1830,51.9,-1.11667,"(51.900000, -1.116670)",GB
Fell,1830,56.4,-3.43333,"(56.400000, -3.433330)",GB
Fell,1831,46.63333,0.16667,"(46.633330, 0.166670)",FR
Fell,1831,48.95,17.38333,"(48.950000, 17.383330)",CZ
Fell,1833,49.36667,16.63333,"(49.366670, 16.633330)",CZ
Fell,1834,29.48333,75.5,"(29.483330, 75.500000)",IN
Fell,1834,50.83333,25.5,"(50.833330, 25.500000)",UA
Fell,1835,51.78333,-1.78333,"(51.783330, -1.783330)",GB
Fell,1835,36.16667,-87.33333,"(36.166670, -87.333330)",US
Fell,1836,44.38333,5.16667,"(44.383330, 5.166670)",FR
Fell,1836,-5.2,-36.66667,"(-5.200000, -36.666670)",BR
Fell,1836,45.36667,1.86667,"(45.366670, 1.866670)",FR
Fell,1837,46.25,-1.1,"(46.250000, -1.100000)",FR
Fell,1837,49.26667,18.71667,"(49.266670, 18.716670)",SK
Fell,1837,37.75,139,"(37.750000, 139.000000)",JP
Fell,1838,29.71667,77.95,"(29.716670, 77.950000)",IN
Fell,1838,20.26667,76.01667,"(20.266670, 76.016670)",IN
Fell,1838,-33.13333,19.38333,"(-33.133330, 19.383330)",ZA
Fell,1838,27.25,79.96667,"(27.250000, 79.966670)",IN
Fell,1838,47.63333,1.58333,"(47.633330, 1.583330)",FR
Fell,1839,37.91667,-92.08333,"(37.916670, -92.083330)",US
Fell,1840,45.08333,8.3,"(45.083330, 8.300000)",IT
Fell,1840,47.21667,81.01667,"(47.216670, 81.016670)",KZ
Fell,1840,51.65,5.61667,"(51.650000, 5.616670)",NL
Fell,1841,47.93333,2.91667,"(47.933330, 2.916670)",FR
Fell,1841,51.93333,15.5,"(51.933330, 15.500000)",PL
Fell,1841,46.95,-1.5,"(46.950000, -1.500000)",FR
Fell,1842,44.33333,3.23333,"(44.333330, 3.233330)",FR
Fell,1842,42.38333,-2.5,"(42.383330, -2.500000)",ES
Fell,1842,46.18333,16.1,"(46.183330, 16.100000)",HR
Fell,1842,23.05,72.63333,"(23.050000, 72.633330)",IN
Fell,1843,34.16667,-80.28333,"(34.166670, -80.283330)",US
Fell,1843,51.6,10.8,"(51.600000, 10.800000)",DE
Fell,1843,20.96667,76.1,"(20.966670, 76.100000)",IN
Fell,1843,41.36667,-6.23333,"(41.366670, -6.233330)",ES
Fell,1843,52.11667,5.18333,"(52.116670, 5.183330)",NL
Fell,1843,48.41667,43.2,"(48.416670, 43.200000)",RU
Fell,1844,21.16667,-100.86667,"(21.166670, -100.866670)",MX
Fell,1844,44.38333,2.81667,"(44.383330, 2.816670)",FR
Fell,1844,54.66667,-7.66667,"(54.666670, -7.666670)",GB
Fell,1845,47.16667,0.43333,"(47.166670, 0.433330)",FR
Fell,1845,48.53333,-0.86667,"(48.533330, -0.866670)",FR
Fell,1846,37.26667,-89.58333,"(37.266670, -89.583330)",US
Fell,1846,43.26667,13.35,"(43.266670, 13.350000)",IT
Fell,1846,48.11667,10.46667,"(48.116670, 10.466670)",DE
Fell,1847,50.6,16.3,"(50.600000, 16.300000)",CZ
Fell,1847,41.9,-91.6,"(41.900000, -91.600000)",US
Fell,1848,44.38333,-68.75,"(44.383330, -68.750000)",US
Fell,1848,14.88333,75.6,"(14.883330, 75.600000)",IN
Fell,1848,44.5,0.15,"(44.500000, 0.150000)",FR
Fell,1848,59.73333,10.86667,"(59.733330, 10.866670)",NO
Fell,1849,35.25,-80.5,"(35.250000, -80.500000)",US
Fell,1850,38.98333,141.61667,"(38.983330, 141.616670)",JP
Fell,1850,23.1,87.3,"(23.100000, 87.300000)",IN
Fell,1851,51.91667,8.38333,"(51.916670, 8.383330)",DE
Fell,1851,41.63333,0.75,"(41.633330, 0.750000)",ES
Fell,1851,46.6,0.25,"(46.600000, 0.250000)",FR
Fell,1852,48.15,24.28333,"(48.150000, 24.283330)",UA
Fell,1852,26.78333,82.83333,"(26.783330, 82.833330)",IN
Fell,1852,46.5,25.73333,"(46.500000, 25.733330)",RO
Fell,1852,14.3,79.76667,"(14.300000, 79.766670)",IN
Fell,1853,-4,39.5,"(-4.000000, 39.500000)",KE
Fell,1853,37.31667,13.56667,"(37.316670, 13.566670)",IT
Fell,1853,26.75,84.78333,"(26.750000, 84.783330)",IN
Fell,1854,52.75,12.9,"(52.750000, 12.900000)",DE
Fell,1855,25,-103.5,"(25.000000, -103.500000)",MX
Fell,1855,53.4,9.1,"(53.400000, 9.100000)",DE
Fell,1855,58.5,23,"(58.500000, 23.000000)",EE
Fell,1855,35.3,-86.63333,"(35.300000, -86.633330)",US
Fell,1855,27.43333,82.08333,"(27.433330, 82.083330)",IN
Fell,1855,51.05,3.75,"(51.050000, 3.750000)",BE
Fell,1856,43.4,-5.86667,"(43.400000, -5.866670)",ES
Fell,1856,45.46667,10,"(45.466670, 10.000000)",IT
Fell,1857,10,-84.1,"(10.000000, -84.100000)",CR
Fell,1857,47.35,21.3,"(47.350000, 21.300000)",HU
Fell,1857,48.35,3.25,"(48.350000, 3.250000)",FR
Fell,1857,46.06667,23.58333,"(46.066670, 23.583330)",RO
Fell,1857,9.23333,78.35,"(9.233330, 78.350000)",IN
Fell,1857,17.76667,95.18333,"(17.766670, 95.183330)",MM
Fell,1857,45.05,41.98333,"(45.050000, 41.983330)",RU
Fell,1858,43.08333,0.58333,"(43.083330, 0.583330)",FR
Fell,1858,45.13333,21.66667,"(45.133330, 21.666670)",RO
Fell,1858,38.11667,-1.16667,"(38.116670, -1.166670)",ES
Fell,1858,51.83333,26.83333,"(51.833330, 26.833330)",BY
Fell,1859,42.53333,-73.83333,"(42.533330, -73.833330)",US
Fell,1859,43.21667,-0.23333,"(43.216670, -0.233330)",FR
Fell,1859,38.25,-86.16667,"(38.250000, -86.166670)",US
Fell,1859,15.08333,120.7,"(15.083330, 120.700000)",PH
Fell,1860,44.88333,8.75,"(44.883330, 8.750000)",IT
Fell,1860,32.23333,76.46667,"(32.233330, 76.466670)",IN
Fell,1860,26.95,77.88333,"(26.950000, 77.883330)",IN
Fell,1860,29.68333,78.38333,"(29.683330, 78.383330)",IN
Fell,1860,40,-81.76667,"(40.000000, -81.766670)",US
Fell,1860,47.36667,1.73333,"(47.366670, 1.733330)",FR
Fell,1861,27.08333,84.08333,"(27.083330, 84.083330)",IN
Fell,1861,41.25,1.66667,"(41.250000, 1.666670)",ES
Fell,1861,43.66667,45.38333,"(43.666670, 45.383330)",RU
Fell,1861,29.01667,77.8,"(29.016670, 77.800000)",IN
Fell,1862,53.18333,13.15,"(53.183330, 13.150000)",DE
Fell,1862,37.41667,-6,"(37.416670, -6.000000)",ES
Fell,1863,46.45,25.78333,"(46.450000, 25.783330)",RO
Fell,1863,23.05,86.7,"(23.050000, 86.700000)",IN
Fell,1863,58.66667,25.73333,"(58.666670, 25.733330)",EE
Fell,1863,23.36667,75.18333,"(23.366670, 75.183330)",IN
Fell,1863,24.33333,90.16667,"(24.333330, 90.166670)",BD
Fell,1863,50.78333,4.76667,"(50.783330, 4.766670)",BE
Fell,1864,50.75,25.3,"(50.750000, 25.300000)",UA
Fell,1864,56.5,21.5,"(56.500000, 21.500000)",LV
Fell,1864,43.88333,1.38333,"(43.883330, 1.383330)",FR
Fell,1865,36.16667,3.66667,"(36.166670, 3.666670)",DZ
Fell,1865,52.55,-8.03333,"(52.550000, -8.033330)",IE
Fell,1865,24.23333,89.05,"(24.233330, 89.050000)",BD
Fell,1865,12.63333,77.01667,"(12.633330, 77.016670)",IN
Fell,1865,24.55,84.83333,"(24.550000, 84.833330)",IN
Fell,1865,26.71667,84.21667,"(26.716670, 84.216670)",IN
Fell,1865,43.5,-91.16667,"(43.500000, -91.166670)",US
Fell,1866,43.38333,-5.15,"(43.383330, -5.150000)",ES
Fell,1866,18.75,75.33333,"(18.750000, 75.333330)",IN
Fell,1866,48.9,22.4,"(48.900000, 22.400000)",UA
Fell,1866,26.71667,82.66667,"(26.716670, 82.666670)",IN
Fell,1866,35.16667,135.33333,"(35.166670, 135.333330)",JP
Fell,1866,48.45,3.93333,"(48.450000, 3.933330)",FR
Fell,1866,13.48333,74.78333,"(13.483330, 74.783330)",IN
Fell,1867,28.01667,75.81667,"(28.016670, 75.816670)",IN
Fell,1867,38.4,140.35,"(38.400000, 140.350000)",JP
Fell,1867,36.18333,5.41667,"(36.183330, 5.416670)",DZ
Fell,1868,-28.2,24.56667,"(-28.200000, 24.566670)",ZA
Fell,1868,34.4,-87.06667,"(34.400000, -87.066670)",US
Fell,1868,34.48333,-87.83333,"(34.483330, -87.833330)",US
Fell,1868,29.53333,71.8,"(29.533330, 71.800000)",PK
Fell,1868,26.83333,77.33333,"(26.833330, 77.333330)",IN
Fell,1868,45.2,8.5,"(45.200000, 8.500000)",IT
Fell,1868,47.11667,6.15,"(47.116670, 6.150000)",FR
Fell,1868,11.58333,104.91667,"(11.583330, 104.916670)",KH
Fell,1868,52.76667,21.26667,"(52.766670, 21.266670)",PL
Fell,1868,43.15,-0.85,"(43.150000, -0.850000)",FR
Fell,1868,45.68333,15.6,"(45.683330, 15.600000)",HR
Fell,1869,-22.96667,-44.31667,"(-22.966670, -44.316670)",BR
Fell,1869,59.85,17.66667,"(59.850000, 17.666670)",SE
Fell,1869,48.11667,-3.08333,"(48.116670, -3.083330)",FR
Fell,1869,49.32694,7.46472,"(49.326940, 7.464720)",DE
Fell,1869,32.03333,-84.76667,"(32.033330, -84.766670)",US
Fell,1869,-7.08333,111.53333,"(-7.083330, 111.533330)",ID
Fell,1869,41.28333,-73.81667,"(41.283330, -73.816670)",US
Fell,1870,37.98333,-1.16667,"(37.983330, -1.166670)",ES
Fell,1870,52.28333,7.7,"(52.283330, 7.700000)",DE
Fell,1870,18.68333,83.48333,"(18.683330, 83.483330)",IN
Fell,1871,-6.91667,107.6,"(-6.916670, 107.600000)",ID
Fell,1871,44.28333,5.58333,"(44.283330, 5.583330)",FR
Fell,1871,42.3,0.55,"(42.300000, 0.550000)",ES
Fell,1871,44.36667,-69.2,"(44.366670, -69.200000)",US
Fell,1872,26.25,82,"(26.250000, 82.000000)",IN
Fell,1872,47.7,1.06667,"(47.700000, 1.066670)",FR
Fell,1872,42.13333,12.93333,"(42.133330, 12.933330)",IT
Fell,1872,58.03333,26.95,"(58.033330, 26.950000)",EE
Fell,1873,36.23333,37.13333,"(36.233330, 37.133330)",SY
Fell,1873,31.3,72.38333,"(31.300000, 72.383330)",PK
Fell,1873,29.53333,72.3,"(29.533330, 72.300000)",PK
Fell,1873,-29.2,-51.86667,"(-29.200000, -51.866670)",BR
Fell,1873,43.53333,22.63333,"(43.533330, 22.633330)",BG
Fell,1874,36.08333,-78.06667,"(36.083330, -78.066670)",US
Fell,1874,48.4,-3.3,"(48.400000, -3.300000)",FR
Fell,1874,50.61667,36.6,"(50.616670, 36.600000)",RU
Fell,1875,36.88333,8.45,"(36.883330, 8.450000)",DZ
Fell,1875,41.8,-91.86667,"(41.800000, -91.866670)",US
Fell,1875,44.6,5.13333,"(44.600000, 5.133330)",FR
Fell,1875,26.98333,78.21667,"(26.983330, 78.216670)",IN
Fell,1875,20.91667,82.58333,"(20.916670, 82.583330)",IN
Fell,1875,46.93333,21.5,"(46.933330, 21.500000)",HU
Fell,1876,12.85,76.8,"(12.850000, 76.800000)",IN
Fell,1876,41.08333,-86.28333,"(41.083330, -86.283330)",US
Fell,1876,52.76667,-2.51667,"(52.766670, -2.516670)",GB
Fell,1876,59.93333,14.95,"(59.933330, 14.950000)",SE
Fell,1876,46.15,32.83333,"(46.150000, 32.833330)",UA
Fell,1877,20.88333,74.83333,"(20.883330, 74.833330)",IN
Fell,1877,-27.7,27.3,"(-27.700000, 27.300000)",ZA
Fell,1877,38.4,-84.25,"(38.400000, -84.250000)",US
Fell,1877,50.3,8.91667,"(50.300000, 8.916670)",DE
Fell,1877,55.7,24.4,"(55.700000, 24.400000)",LT
Fell,1877,43.66667,21.86667,"(43.666670, 21.866670)",RS
Fell,1877,38.68333,-91.15,"(38.683330, -91.150000)",US
Fell,1878,26.91667,83.96667,"(26.916670, 83.966670)",IN
Fell,1878,26.8,82.53333,"(26.800000, 82.533330)",IN
Fell,1878,20.66667,-101.28333,"(20.666670, -101.283330)",MX
Fell,1878,55.05,12.06667,"(55.050000, 12.066670)",DK
Fell,1878,52.98333,37.03333,"(52.983330, 37.033330)",RU
Fell,1878,49.6,17.11667,"(49.600000, 17.116670)",CZ
Fell,1879,43.41667,-94.83333,"(43.416670, -94.833330)",US
Fell,1879,50.66667,16.76667,"(50.666670, 16.766670)",PL
Fell,1879,-3.4,-44.33333,"(-3.400000, -44.333330)",BR
Fell,1879,17.83333,73.98333,"(17.833330, 73.983330)",IN
Fell,1879,47.08333,1.75,"(47.083330, 1.750000)",FR
Fell,1879,-32.36667,-59.83333,"(-32.366670, -59.833330)",AR
Fell,1879,-25.73333,142.95,"(-25.733330, 142.950000)",AU
Fell,1879,20.16667,-105.21667,"(20.166670, -105.216670)",MX
Fell,1880,50.775,6.08333,"(50.775000, 6.083330)",DE
Fell,1880,26.58333,85.56667,"(26.583330, 85.566670)",IN
Fell,1880,14.5,76.5,"(14.500000, 76.500000)",IN
Fell,1880,52.2,17.98333,"(52.200000, 17.983330)",PL
Fell,1880,35.38333,134.9,"(35.383330, 134.900000)",JP
Fell,1880,35.33333,51.63333,"(35.333330, 51.633330)",IR
Fell,1880,-32.5,23,"(-32.500000, 23.000000)",ZA
Fell,1881,46.35,30.58333,"(46.350000, 30.583330)",UA
Fell,1881,54.56667,-1.16667,"(54.566670, -1.166670)",GB
Fell,1881,21.05,-99.3,"(21.050000, -99.300000)",MX
Fell,1881,-32.86667,18.71667,"(-32.866670, 18.716670)",ZA
Fell,1882,33.18333,130.2,"(33.183330, 130.200000)",JP
Fell,1882,46.8,24.03333,"(46.800000, 24.033330)",RO
Fell,1882,52.03333,43,"(52.033330, 43.000000)",RU
Fell,1882,25.8,88.45,"(25.800000, 88.450000)",BD
Fell,1883,45.26667,10.15,"(45.266670, 10.150000)",IT
Fell,1883,-7.45,111.41667,"(-7.450000, 111.416670)",ID
Fell,1883,44.75,0.05,"(44.750000, 0.050000)",FR
Fell,1884,-7.5,111.5,"(-7.500000, 111.500000)",ID
Fell,1884,29.58333,76,"(29.583330, 76.000000)",IN
Fell,1884,60,5.61667,"(60.000000, 5.616670)",NO
Fell,1885,27.28333,79.05,"(27.283330, 79.050000)",IN
Fell,1885,24.68333,-101.68333,"(24.683330, -101.683330)",MX
Fell,1886,43.03333,12.55,"(43.033330, 12.550000)",IT
Fell,1886,52,9.1,"(52.000000, 9.100000)",DE
Fell,1886,40.5,-80.08333,"(40.500000, -80.083330)",US
Fell,1886,35.5,-93.5,"(35.500000, -93.500000)",US
Fell,1886,32.03333,130.63333,"(32.033330, 130.633330)",JP
Fell,1886,12.28333,79.2,"(12.283330, 79.200000)",IN
Fell,1886,54.81667,46,"(54.816670, 46.000000)",RU
Fell,1887,50.13333,27.16667,"(50.133330, 27.166670)",UA
Fell,1887,43,-80,"(43.000000, -80.000000)",CA
Fell,1887,24.45,78.56667,"(24.450000, 78.566670)",IN
Fell,1887,57.78333,55.26667,"(57.783330, 55.266670)",RU
Fell,1887,11.25,108.58333,"(11.250000, 108.583330)",VN
Fell,1889,1.16667,44.16667,"(1.166670, 44.166670)",SO
Fell,1889,36.1,-81.41667,"(36.100000, -81.416670)",US
Fell,1889,43.83333,20.44167,"(43.833330, 20.441670)",RS
Fell,1889,56.21667,13.03333,"(56.216670, 13.033330)",SE
Fell,1889,48.06667,30.96667,"(48.066670, 30.966670)",UA
Fell,1890,42.53333,12.61667,"(42.533330, 12.616670)",IT
Fell,1890,39.75,-97.03333,"(39.750000, -97.033330)",US
Fell,1890,43.25,-93.66667,"(43.250000, -93.666670)",US
Fell,1890,28.95,0.81667,"(28.950000, 0.816670)",DZ
Fell,1890,30.80833,109.5,"(30.808330, 109.500000)",CN
Fell,1890,12.38333,78.51667,"(12.383330, 78.516670)",IN
Fell,1890,56.66667,23,"(56.666670, 23.000000)",LV
Fell,1890,21.25,83.66667,"(21.250000, 83.666670)",IN
Fell,1890,48.01667,-1.15,"(48.016670, -1.150000)",FR
Fell,1891,43.76667,20.23333,"(43.766670, 20.233330)",RS
Fell,1891,39.75,46.66667,"(39.750000, 46.666670)",AZ
Fell,1892,27.7,76.33333,"(27.700000, 76.333330)",IN
Fell,1892,45.41667,-98.31667,"(45.416670, -98.316670)",US
Fell,1892,35.63333,-78.13333,"(35.633330, -78.133330)",US
Fell,1892,38.73333,-6.01667,"(38.733330, -6.016670)",ES
Fell,1893,51.16667,-117.33333,"(51.166670, -117.333330)",CA
Fell,1893,20.83333,71.46667,"(20.833330, 71.466670)",IN
Fell,1893,39.11667,-83.85,"(39.116670, -83.850000)",US
Fell,1893,55.18333,27.91667,"(55.183330, 27.916670)",BY
Fell,1894,21.95,78.03333,"(21.950000, 78.033330)",IN
Fell,1894,47.81667,-96.85,"(47.816670, -96.850000)",US
Fell,1894,38,-0.83333,"(38.000000, -0.833330)",ES
Fell,1894,47.21667,29.86667,"(47.216670, 29.866670)",UA
Fell,1895,27.66667,78.25,"(27.666670, 78.250000)",IN
Fell,1895,25.38333,82.6,"(25.383330, 82.600000)",IN
Fell,1895,49.16667,19.5,"(49.166670, 19.500000)",SK
Fell,1895,-23.38333,150.51667,"(-23.383330, 150.516670)",AU
Fell,1896,20.06667,-103.66667,"(20.066670, -103.666670)",MX
Fell,1896,50.36667,4.73333,"(50.366670, 4.733330)",BE
Fell,1896,40.41667,-3.71667,"(40.416670, -3.716670)",ES
Fell,1896,38.6,-95.21667,"(38.600000, -95.216670)",US
Fell,1897,28.56667,77.25,"(28.566670, 77.250000)",IN
Fell,1897,27.35,68.53333,"(27.350000, 68.533330)",PK
Fell,1897,33.6,130.43333,"(33.600000, 130.433330)",JP
Fell,1897,32.08333,76.3,"(32.083330, 76.300000)",IN
Fell,1897,43.75,5.11667,"(43.750000, 5.116670)",FR
Fell,1897,50.58333,11.1,"(50.583330, 11.100000)",DE
Fell,1897,34.2,131.56667,"(34.200000, 131.566670)",JP
Fell,1897,44.4,19.11667,"(44.400000, 19.116670)",BA
Fell,1898,44.61667,-70.75,"(44.616670, -70.750000)",US
Fell,1898,42.71667,-99.38333,"(42.716670, -99.383330)",US
Fell,1898,61.73333,5.93333,"(61.733330, 5.933330)",NO
Fell,1898,39,-0.66667,"(39.000000, -0.666670)",ES
Fell,1898,33.7,133.8,"(33.700000, 133.800000)",JP
Fell,1899,42.53333,-85.88333,"(42.533330, -85.883330)",US
Fell,1899,60.4,25.8,"(60.400000, 25.800000)",FI
Fell,1899,21.86667,82.45,"(21.866670, 82.450000)",IN
Fell,1899,37.86667,27.51667,"(37.866670, 27.516670)",TR
Fell,1899,-10.66667,35.5,"(-10.666670, 35.500000)",TZ
Fell,1899,19.86667,-100.81667,"(19.866670, -100.816670)",MX
Fell,1899,-15.18333,35.28333,"(-15.183330, 35.283330)",MW
Fell,1900,50.95,31.81667,"(50.950000, 31.816670)",UA
Fell,1900,-29.46667,151.61667,"(-29.466670, 151.616670)",AU
Fell,1900,32.53333,-87.16667,"(32.533330, -87.166670)",US
Fell,1900,50.95,7.31667,"(50.950000, 7.316670)",DE
Fell,1900,52.26667,32.85,"(52.266670, 32.850000)",UA
Fell,1900,13.85,-4.38333,"(13.850000, -4.383330)",ML
Fell,1900,47.88333,22.03333,"(47.883330, 22.033330)",HU
Fell,1900,-18,16,"(-18.000000, 16.000000)",NA
Fell,1901,46.55,6.81667,"(46.550000, 6.816670)",CH
Fell,1901,61.18333,22.68333,"(61.183330, 22.683330)",FI
Fell,1901,40,-99.25,"(40.000000, -99.250000)",US
Fell,1901,26.21667,69.55,"(26.216670, 69.550000)",PK
Fell,1902,-33.16667,-64.95,"(-33.166670, -64.950000)",AR
Fell,1902,38.25,-83.75,"(38.250000, -83.750000)",US
Fell,1902,38.5,27,"(38.500000, 27.000000)",TR
Fell,1902,54.61667,-6.21667,"(54.616670, -6.216670)",GB
Fell,1902,14.18333,75.8,"(14.183330, 75.800000)",IN
Fell,1902,61.5,30.5,"(61.500000, 30.500000)",RU
Fell,1902,-29.8,141.7,"(-29.800000, 141.700000)",AU
Fell,1903,23.5,90.33333,"(23.500000, 90.333330)",BD
Fell,1903,-32.5,21.9,"(-32.500000, 21.900000)",ZA
Fell,1903,46.81867,7.21817,"(46.818670, 7.218170)",CH
Fell,1903,35.03333,-83.03333,"(35.033330, -83.033330)",US
Fell,1903,-32.01667,27.41667,"(-32.016670, 27.416670)",ZA
Fell,1903,57.16667,65.53333,"(57.166670, 65.533330)",RU
Fell,1903,-19.81667,-48.78333,"(-19.816670, -48.783330)",BR
Fell,1903,44.86667,9.15,"(44.866670, 9.150000)",IT
Fell,1904,52.73333,84.08333,"(52.733330, 84.083330)",RU
Fell,1904,42.9,24.7,"(42.900000, 24.700000)",BG
Fell,1904,35.08333,135.2,"(35.083330, 135.200000)",JP
Fell,1904,44.05,-80.16667,"(44.050000, -80.166670)",CA
Fell,1905,22.08333,86.9,"(22.083330, 86.900000)",IN
Fell,1905,27.8,67.16667,"(27.800000, 67.166670)",PK
Fell,1905,47.7,16.6,"(47.700000, 16.600000)",HU
Fell,1905,38.5,-101.1,"(38.500000, -101.100000)",US
Fell,1905,47.85,34.76667,"(47.850000, 34.766670)",UA
Fell,1906,36.83333,-97.33333,"(36.833330, -97.333330)",US
Fell,1906,-33.75,18.56667,"(-33.750000, 18.566670)",ZA
Fell,1906,36.85,138.38333,"(36.850000, 138.383330)",JP
Fell,1906,30.75,-95.95,"(30.750000, -95.950000)",US
Fell,1906,56.8,77,"(56.800000, 77.000000)",RU
Fell,1906,41.11667,45,"(41.116670, 45.000000)",AM
Fell,1906,23.1,87.43333,"(23.100000, 87.433330)",IN
Fell,1907,5.38333,16.38333,"(5.383330, 16.383330)",CF
Fell,1907,25.85,83.48333,"(25.850000, 83.483330)",IN
Fell,1907,40,29,"(40.000000, 29.000000)",TR
Fell,1907,34.58333,-87.5,"(34.583330, -87.500000)",US
Fell,1908,46,13.5,"(46.000000, 13.500000)",SI
Fell,1908,49.86667,30.83333,"(49.866670, 30.833330)",UA
Fell,1908,-7,115.5,"(-7.000000, 115.500000)",ID
Fell,1908,-39.63333,174.4,"(-39.633330, 174.400000)",NZ
Fell,1908,56,22,"(56.000000, 22.000000)",LT
Fell,1908,-19.46667,-44.21667,"(-19.466670, -44.216670)",BR
Fell,1909,31.83333,-98.83333,"(31.833330, -98.833330)",US
Fell,1909,35.53333,136.88333,"(35.533330, 136.883330)",JP
Fell,1910,31.61667,76.8,"(31.616670, 76.800000)",IN
Fell,1910,52.86667,16.63333,"(52.866670, 16.633330)",PL
Fell,1910,35.2945,136.70033,"(35.294500, 136.700330)",JP
Fell,1910,27.33333,35.66667,"(27.333330, 35.666670)",SA
Fell,1910,25.1,81.53333,"(25.100000, 81.533330)",IN
Fell,1910,21.86667,76.03333,"(21.866670, 76.033330)",IN
Fell,1910,25.68333,83.25,"(25.683330, 83.250000)",IN
Fell,1910,17.74333,120.45583,"(17.743330, 120.455830)",PH
Fell,1910,32.31667,-89.71667,"(32.316670, -89.716670)",US
Fell,1910,61.65,27.2,"(61.650000, 27.200000)",FI
Fell,1910,44.85,11.4,"(44.850000, 11.400000)",IT
Fell,1911,51.46667,84.76667,"(51.466670, 84.766670)",RU
Fell,1911,40.3,44.5,"(40.300000, 44.500000)",AM
Fell,1911,43.58333,-89.6,"(43.583330, -89.600000)",US
Fell,1911,31.31667,30.35,"(31.316670, 30.350000)",EG
Fell,1911,24.65,76.86667,"(24.650000, 76.866670)",IN
Fell,1912,34.9,-110.18333,"(34.900000, -110.183330)",US
Fell,1912,-25.66667,28.36667,"(-25.666670, 28.366670)",ZA
Fell,1912,-28.56667,30.7,"(-28.566670, 30.700000)",ZA
Fell,1912,33.71667,74.83333,"(33.716670, 74.833330)",IN
Fell,1913,30.4,78.2,"(30.400000, 78.200000)",IN
Fell,1913,36.04167,139.95667,"(36.041670, 139.956670)",JP
Fell,1913,35.41667,-79.38333,"(35.416670, -79.383330)",US
Fell,1913,35.66667,136.3,"(35.666670, 136.300000)",JP
Fell,1914,53.58333,-2.71667,"(53.583330, -2.716670)",GB
Fell,1914,48.16667,22.30833,"(48.166670, 22.308330)",HU
Fell,1914,10.83333,76.03333,"(10.833330, 76.033330)",IN
Fell,1914,47.55,22.025,"(47.550000, 22.025000)",HU
Fell,1914,43.48333,118.61667,"(43.483330, 118.616670)",CN
Fell,1914,51.13333,34.5,"(51.133330, 34.500000)",UA
Fell,1914,43.73333,1.38333,"(43.733330, 1.383330)",FR
Fell,1915,-6.23333,106.88333,"(-6.233330, 106.883330)",ID
Fell,1915,25.45,70,"(25.450000, 70.000000)",PK
Fell,1916,36.75,-93.5,"(36.750000, -93.500000)",US
Fell,1916,44.55,131.63333,"(44.550000, 131.633330)",RU
Fell,1916,11.75,122.33333,"(11.750000, 122.333330)",PH
Fell,1916,28.26667,78.78333,"(28.266670, 78.783330)",IN
Fell,1916,24.16667,87.76667,"(24.166670, 87.766670)",IN
Fell,1916,38.66667,116.13333,"(38.666670, 116.133330)",CN
Fell,1916,30.9,32.48333,"(30.900000, 32.483330)",EG
Fell,1916,25.93333,84.28333,"(25.933330, 84.283330)",IN
Fell,1916,34.5,133.75,"(34.500000, 133.750000)",JP
Fell,1916,50.91667,9.18333,"(50.916670, 9.183330)",DE
Fell,1917,44.9,-90.28333,"(44.900000, -90.283330)",US
Fell,1917,10.2,76.26667,"(10.200000, 76.266670)",IN
Fell,1917,27.88333,68.53333,"(27.883330, 68.533330)",PK
Fell,1917,39.08333,-94.4,"(39.083330, -94.400000)",US
Fell,1917,35.66667,103.5,"(35.666670, 103.500000)",CN
Fell,1917,23.98333,87.08333,"(23.983330, 87.083330)",IN
Fell,1917,38.3,27.13333,"(38.300000, 27.133330)",TR
Fell,1917,44.11667,27.26667,"(44.116670, 27.266670)",BG
Fell,1917,56.58333,-3.25,"(56.583330, -3.250000)",GB
Fell,1917,32.16667,-95.1,"(32.166670, -95.100000)",US
Fell,1918,57.35,37.61667,"(57.350000, 37.616670)",RU
Fell,1918,36.21667,-92.26667,"(36.216670, -92.266670)",US
Fell,1918,46.88333,-102.31667,"(46.883330, -102.316670)",US
Fell,1918,52.55,46.55,"(52.550000, 46.550000)",RU
Fell,1918,35.43333,136.23333,"(35.433330, 136.233330)",JP
Fell,1918,-26,30,"(-26.000000, 30.000000)",ZA
Fell,1919,32.1,71.8,"(32.100000, 71.800000)",PK
Fell,1919,5,48,"(5.000000, 48.000000)",SO
Fell,1919,43.83889,20.33333,"(43.838890, 20.333330)",RS
Fell,1919,36.83333,-84.35,"(36.833330, -84.350000)",US
Fell,1919,38.2,115.7,"(38.200000, 115.700000)",CN
Fell,1919,-6.73333,111.36667,"(-6.733330, 111.366670)",ID
Fell,1919,38.16667,-76.38333,"(38.166670, -76.383330)",US
Fell,1920,-30.86667,-64.55,"(-30.866670, -64.550000)",AR
Fell,1920,25.25417,80.625,"(25.254170, 80.625000)",IN
Fell,1920,37.05,138.38333,"(37.050000, 138.383330)",JP
Fell,1920,25.48333,81.98333,"(25.483330, 81.983330)",IN
Fell,1920,49.98333,7.53333,"(49.983330, 7.533330)",DE
Fell,1921,33.88333,35.5,"(33.883330, 35.500000)",LB
Fell,1921,28.38333,75.78333,"(28.383330, 75.783330)",IN
Fell,1921,31.95,-83.51667,"(31.950000, -83.516670)",US
Fell,1921,44.51667,-83.95,"(44.516670, -83.950000)",US
Fell,1921,25.66667,74.86667,"(25.666670, 74.866670)",IN
Fell,1921,37.83333,-76.7,"(37.833330, -76.700000)",US
Fell,1921,25.85,87.5775,"(25.850000, 87.577500)",IN
Fell,1921,9.66667,105.66667,"(9.666670, 105.666670)",VN
Fell,1922,34.5,-88.66667,"(34.500000, -88.666670)",US
Fell,1922,30.83333,-97.76667,"(30.833330, -97.766670)",US
Fell,1922,55.46667,13.78333,"(55.466670, 13.783330)",SE
Fell,1922,38.12167,140.06167,"(38.121670, 140.061670)",JP
Fell,1922,38.13333,14.96667,"(38.133330, 14.966670)",IT
Fell,1922,-6.66667,106.58333,"(-6.666670, 106.583330)",ID
Fell,1923,52.05,0.3,"(52.050000, 0.300000)",GB
Fell,1923,13.76667,5.3,"(13.766670, 5.300000)",NG
Fell,1923,9.06667,38.41667,"(9.066670, 38.416670)",ET
Fell,1923,43.39056,1.9625,"(43.390560, 1.962500)",FR
Fell,1923,13.73333,100.08333,"(13.733330, 100.083330)",TH
Fell,1923,-8.38333,-36.76667,"(-8.383330, -36.766670)",BR
Fell,1924,11.65,-3.65,"(11.650000, -3.650000)",BF
Fell,1924,34.6,116.75,"(34.600000, 116.750000)",CN
Fell,1924,36.78333,-78.08333,"(36.783330, -78.083330)",US
Fell,1924,40.35,-104.9,"(40.350000, -104.900000)",US
Fell,1924,-37.33333,-61.53333,"(-37.333330, -61.533330)",AR
Fell,1924,24.5,90.21667,"(24.500000, 90.216670)",BD
Fell,1924,38.71667,-7.06667,"(38.716670, -7.066670)",ES
Fell,1924,-33.9,-61.7,"(-33.900000, -61.700000)",AR
Fell,1924,36.48333,-90.66667,"(36.483330, -90.666670)",US
Fell,1924,34.8,127,"(34.800000, 127.000000)",KR
Fell,1925,19.08333,8.38333,"(19.083330, 8.383330)",NE
Fell,1925,41.93333,-7.46667,"(41.933330, -7.466670)",ES
Fell,1925,51.75,4,"(51.750000, 4.000000)",NL
Fell,1925,47.75,16.23333,"(47.750000, 16.233330)",AT
Fell,1925,43.33333,141.86667,"(43.333330, 141.866670)",JP
Fell,1925,-30.11667,28.7,"(-30.116670, 28.700000)",LS
Fell,1925,-32.75,-65.28333,"(-32.750000, -65.283330)",AR
Fell,1925,-25.83333,-56.5,"(-25.833330, -56.500000)",PY
Fell,1926,26.75,68.41667,"(26.750000, 68.416670)",PK
Fell,1926,35.73333,139.75,"(35.733330, 139.750000)",JP
Fell,1926,24.95,75.15,"(24.950000, 75.150000)",IN
Fell,1926,38.18333,-5.4,"(38.183330, -5.400000)",ES
Fell,1926,39.8,-91.5,"(39.800000, -91.500000)",US
Fell,1926,46.93333,7.21667,"(46.933330, 7.216670)",CH
Fell,1926,34.48333,133.28333,"(34.483330, 133.283330)",JP
Fell,1927,45.21667,62.08333,"(45.216670, 62.083330)",KZ
Fell,1927,52.28333,8.05,"(52.283330, 8.050000)",DE
Fell,1927,44.41667,23.5,"(44.416670, 23.500000)",RO
Fell,1927,38.2,-89.68333,"(38.200000, -89.683330)",US
Fell,1927,61.3,12.3,"(61.300000, 12.300000)",NO
Fell,1927,7.95,8.08333,"(7.950000, 8.083330)",NG
Fell,1928,-31.18333,-57.95,"(-31.183330, -57.950000)",UY
Fell,1928,19.25,77,"(19.250000, 77.000000)",IN
Fell,1928,-34.05,150.68889,"(-34.050000, 150.688890)",AU
Fell,1928,58.88333,9.4,"(58.883330, 9.400000)",NO
Fell,1928,47.11667,7.55,"(47.116670, 7.550000)",CH
Fell,1928,34.16667,131.45,"(34.166670, 131.450000)",JP
Fell,1929,35.96667,-82.48333,"(35.966670, -82.483330)",US
Fell,1929,39.8,-101.2,"(39.800000, -101.200000)",US
Fell,1929,56.75,75.33333,"(56.750000, 75.333330)",RU
Fell,1929,39.56667,-2.1,"(39.566670, -2.100000)",ES
Fell,1929,55.66667,25,"(55.666670, 25.000000)",LT
Fell,1929,28.2,76.66667,"(28.200000, 76.666670)",IN
Fell,1929,35.13333,44.45,"(35.133330, 44.450000)",IQ
Fell,1930,-31.6,-65.23333,"(-31.600000, -65.233330)",AR
Fell,1930,54.23333,52.48333,"(54.233330, 52.483330)",RU
Fell,1930,35,127.5,"(35.000000, 127.500000)",KR
Fell,1930,-35.08333,139.91667,"(-35.083330, 139.916670)",AU
Fell,1930,56.65,15.86667,"(56.650000, 15.866670)",SE
Fell,1930,-3.13333,33.51667,"(-3.133330, 33.516670)",TZ
Fell,1930,35.4,-92.05,"(35.400000, -92.050000)",US
Fell,1930,-40.975,145.6,"(-40.975000, 145.600000)",AU
Fell,1930,52.95,8.16667,"(52.950000, 8.166670)",DE
Fell,1930,36.06667,-90.5,"(36.066670, -90.500000)",US
Fell,1930,30.7,-96.11667,"(30.700000, -96.116670)",US
Fell,1931,42.51667,26.16667,"(42.516670, 26.166670)",BG
Fell,1931,-28.93333,-63.23333,"(-28.933330, -63.233330)",AR
Fell,1931,53.03639,-4.31944,"(53.036390, -4.319440)",GB
Fell,1931,32.95,10.41667,"(32.950000, 10.416670)",TN
Fell,1931,35.13333,113.33333,"(35.133330, 113.333330)",CN
Fell,1931,28.71667,116.61667,"(28.716670, 116.616670)",CN
Fell,1932,38.5,-94.3,"(38.500000, -94.300000)",US
Fell,1932,32.33333,-6.3,"(32.333330, -6.300000)",MA
Fell,1932,-33,-58.61667,"(-33.000000, -58.616670)",AR
Fell,1932,25.55,83.11667,"(25.550000, 83.116670)",IN
Fell,1932,16,36,"(16.000000, 36.000000)",SD
Fell,1932,55.2,75.33333,"(55.200000, 75.333330)",RU
Fell,1932,48.3025,13.94083,"(48.302500, 13.940830)",AT
Fell,1932,-28.66667,18.91667,"(-28.666670, 18.916670)",NA
Fell,1933,34.75,-87,"(34.750000, -87.000000)",US
Fell,1933,-6.33333,106,"(-6.333330, 106.000000)",ID
Fell,1933,52.13333,59.31667,"(52.133330, 59.316670)",RU
Fell,1933,-30.78333,-58.05,"(-30.783330, -58.050000)",AR
Fell,1933,35.03333,-81.88333,"(35.033330, -81.883330)",US
Fell,1933,-3,151,"(-3.000000, 151.000000)",PG
Fell,1933,32.21667,-104,"(32.216670, -104.000000)",US
Fell,1933,-29.45,26.76667,"(-29.450000, 26.766670)",ZA
Fell,1933,42.91667,102.46667,"(42.916670, 102.466670)",MN
Fell,1933,36.21667,-103.4,"(36.216670, -103.400000)",US
Fell,1933,56.63333,39.43333,"(56.633330, 39.433330)",RU
Fell,1933,55.5,66.08333,"(55.500000, 66.083330)",RU
Fell,1933,12,105.48333,"(12.000000, 105.483330)",KH
Fell,1933,31.41667,118.5,"(31.416670, 118.500000)",CN
Fell,1933,48.6,45.66667,"(48.600000, 45.666670)",RU
Fell,1933,42.58333,-103.66667,"(42.583330, -103.666670)",US
Fell,1933,55.3,25,"(55.300000, 25.000000)",LT
Fell,1934,28.48333,78.5,"(28.483330, 78.500000)",IN
Fell,1934,-30.88333,-64.55,"(-30.883330, -64.550000)",AR
Fell,1934,35.55,-77.53333,"(35.550000, -77.533330)",US
Fell,1934,36.05,-94.16667,"(36.050000, -94.166670)",US
Fell,1934,50.31667,3.73333,"(50.316670, 3.733330)",FR
Fell,1934,-17.65,31.6,"(-17.650000, 31.600000)",ZW
Fell,1934,-26.1,-49.8,"(-26.100000, -49.800000)",BR
Fell,1934,0.26667,36.53333,"(0.266670, 36.533330)",KE
Fell,1934,49.23333,17.56667,"(49.233330, 17.566670)",CZ
Fell,1934,13.63333,79.41667,"(13.633330, 79.416670)",IN
Fell,1935,52,19.91667,"(52.000000, 19.916670)",PL
Fell,1935,-7.75,111.53333,"(-7.750000, 111.533330)",ID
Fell,1935,52.45,78.63333,"(52.450000, 78.633330)",RU
Fell,1935,23.15,91.18333,"(23.150000, 91.183330)",BD
Fell,1935,23.325,91,"(23.325000, 91.000000)",BD
Fell,1935,44.86667,133.16667,"(44.866670, 133.166670)",RU
Fell,1936,35.95,-97.58333,"(35.950000, -97.583330)",US
Fell,1936,58.2,82.93333,"(58.200000, 82.933330)",RU
Fell,1936,-28.83333,31.95,"(-28.833330, 31.950000)",ZA
Fell,1936,-21.73333,165.9,"(-21.733330, 165.900000)",NC
Fell,1936,47.31667,35.36667,"(47.316670, 35.366670)",UA
Fell,1937,-32.33333,-64.86667,"(-32.333330, -64.866670)",AR
Fell,1937,55.43333,53.25,"(55.433330, 53.250000)",RU
Fell,1937,42.45,73.36667,"(42.450000, 73.366670)",KZ
Fell,1937,19,97,"(19.000000, 97.000000)",MM
Fell,1937,-29.03333,-53.05,"(-29.033330, -53.050000)",BR
Fell,1937,25.38333,72.01667,"(25.383330, 72.016670)",IN
Fell,1937,46.71667,23.5,"(46.716670, 23.500000)",RO
Fell,1938,36.8,-108,"(36.800000, -108.000000)",US
Fell,1938,39.08333,-89.15,"(39.083330, -89.150000)",US
Fell,1938,40.48,-89.00417,"(40.480000, -89.004170)",US
Fell,1938,40.93333,-79.73333,"(40.933330, -79.733330)",US
Fell,1938,-8.41667,32.43333,"(-8.416670, 32.433330)",TZ
Fell,1938,35.36667,136.76667,"(35.366670, 136.766670)",JP
Fell,1938,51.15,31.7,"(51.150000, 31.700000)",UA
Fell,1938,52.45,51.56667,"(52.450000, 51.566670)",RU
Fell,1938,8.06667,124.28333,"(8.066670, 124.283330)",PH
Fell,1938,52.3,77.03333,"(52.300000, 77.033330)",KZ
Fell,1938,47.58333,37.25,"(47.583330, 37.250000)",UA
Fell,1939,20.88333,76.86667,"(20.883330, 76.866670)",IN
Fell,1939,50.83333,34,"(50.833330, 34.000000)",UA
Fell,1939,42.52,-82.26,"(42.520000, -82.260000)",CA
Fell,1939,56.03333,13,"(56.033330, 13.000000)",SE
Fell,1939,-7.25,107.7,"(-7.250000, 107.700000)",ID
Fell,1939,29.45,-96,"(29.450000, -96.000000)",US
Fell,1939,21.20833,94.91667,"(21.208330, 94.916670)",MM
Fell,1939,24.16667,-99.33333,"(24.166670, -99.333330)",MX
Fell,1939,-7.23333,107.33333,"(-7.233330, 107.333330)",ID
Fell,1939,45.58333,-122.35,"(45.583330, -122.350000)",US
Fell,1940,22.68333,90.65,"(22.683330, 90.650000)",BD
Fell,1940,19.03333,81.89167,"(19.033330, 81.891670)",IN
Fell,1940,-7.75,112.01667,"(-7.750000, 112.016670)",ID
Fell,1940,26.45,82.9,"(26.450000, 82.900000)",IN
Fell,1940,22.25,79,"(22.250000, 79.000000)",IN
Fell,1941,40.91667,-78.08333,"(40.916670, -78.083330)",US
Fell,1941,-26.16667,-49.93333,"(-26.166670, -49.933330)",BR
Fell,1941,4.66667,29.25,"(4.666670, 29.250000)",SS
Fell,1941,15.71667,108.1,"(15.716670, 108.100000)",VN
Fell,1942,9.53333,39.71667,"(9.533330, 39.716670)",ET
Fell,1942,10.01667,9.58333,"(10.016670, 9.583330)",NG
Fell,1942,-33.35,146.85833,"(-33.350000, 146.858330)",AU
Fell,1942,26.03333,81.46667,"(26.033330, 81.466670)",IN
Fell,1942,4.7,33.63333,"(4.700000, 33.633330)",SS
Fell,1942,-1.21667,30,"(-1.216670, 30.000000)",UG
Fell,1942,26.2,85.4,"(26.200000, 85.400000)",IN
Fell,1942,66.34833,14.015,"(66.348330, 14.015000)",NO
Fell,1943,-26.16667,28.41667,"(-26.166670, 28.416670)",ZA
Fell,1943,33.43333,127.26667,"(33.433330, 127.266670)",KR
Fell,1943,35.88333,-99.33333,"(35.883330, -99.333330)",US
Fell,1944,28.25,7,"(28.250000, 7.000000)",DZ
Fell,1944,57.81667,16.23333,"(57.816670, 16.233330)",SE
Fell,1944,46.23333,17.53333,"(46.233330, 17.533330)",HU
Fell,1944,-11.5,33.5,"(-11.500000, 33.500000)",MW
Fell,1944,42.06667,-104.16667,"(42.066670, -104.166670)",US
Fell,1944,30,90.75,"(30.000000, 90.750000)",CN
Fell,1944,11.98333,79.75,"(11.983330, 79.750000)",IN
Fell,1945,34.31667,-96.15,"(34.316670, -96.150000)",US
Fell,1945,31.47556,113.56694,"(31.475560, 113.566940)",CN
Fell,1945,1.7,33.63333,"(1.700000, 33.633330)",UG
Fell,1946,40.2,29.23333,"(40.200000, 29.233330)",TR
Fell,1946,54.33333,56.08333,"(54.333330, 56.083330)",RU
Fell,1946,47.83333,30.76667,"(47.833330, 30.766670)",UA
Fell,1946,30.125,-103.11667,"(30.125000, -103.116670)",US
Fell,1946,34.33333,-98.3,"(34.333330, -98.300000)",US
Fell,1947,40.78167,-96.47167,"(40.781670, -96.471670)",US
Fell,1947,9.6,9.91667,"(9.600000, 9.916670)",NG
Fell,1947,58.85,16.73333,"(58.850000, 16.733330)",SE
Fell,1947,42.475,-5.33333,"(42.475000, -5.333330)",ES
Fell,1947,22.83333,4.98333,"(22.833330, 4.983330)",DZ
Fell,1947,46.16,134.65333,"(46.160000, 134.653330)",RU
Fell,1948,34.23333,72.08333,"(34.233330, 72.083330)",PK
Fell,1948,39.68333,-99.86667,"(39.683330, -99.866670)",US
Fell,1948,-44.11667,-66.15,"(-44.116670, -66.150000)",AR
Fell,1949,44.83333,95.16667,"(44.833330, 95.166670)",MN
Fell,1949,29.51667,35.05,"(29.516670, 35.050000)",JO
Fell,1949,2,22.66667,"(2.000000, 22.666670)",CD
Fell,1949,53.01667,-4.1,"(53.016670, -4.100000)",GB
Fell,1949,45.95,-67.55,"(45.950000, -67.550000)",CA
Fell,1949,9.91667,13.98333,"(9.916670, 13.983330)",CM
Fell,1949,38,35,"(38.000000, 35.000000)",TR
Fell,1949,12.9,7.15,"(12.900000, 7.150000)",NG
Fell,1949,55.78333,61.36667,"(55.783330, 61.366670)",RU
Fell,1949,45.76667,3.25,"(45.766670, 3.250000)",FR
Fell,1949,21.3,-157.78333,"(21.300000, -157.783330)",US
Fell,1949,-10.26667,38.76667,"(-10.266670, 38.766670)",TZ
Fell,1949,57.8,45.8,"(57.800000, 45.800000)",RU
Fell,1950,-31.41667,-60.66667,"(-31.416670, -60.666670)",AR
Fell,1950,41.68333,-112.13333,"(41.683330, -112.133330)",US
Fell,1950,12.91667,11.91667,"(12.916670, 11.916670)",NG
Fell,1950,25.91667,86.36667,"(25.916670, 86.366670)",IN
Fell,1950,38.01667,-8.25,"(38.016670, -8.250000)",PT
Fell,1950,-15.96667,27.35,"(-15.966670, 27.350000)",ZM
Fell,1950,36.6,-88.1,"(36.600000, -88.100000)",US
Fell,1950,-19.53333,-48.56667,"(-19.533330, -48.566670)",BR
Fell,1950,38.7,-90.23333,"(38.700000, -90.233330)",US
Fell,1950,33.4,70.6,"(33.400000, 70.600000)",PK
Fell,1950,58.47333,8.86667,"(58.473330, 8.866670)",NO
Fell,1950,56.13333,77.26667,"(56.133330, 77.266670)",RU
Fell,1951,56.18333,10.23333,"(56.183330, 10.233330)",DK
Fell,1951,42.45833,18.44167,"(42.458330, 18.441670)",ME
Fell,1951,47.83333,37.66667,"(47.833330, 37.666670)",UA
Fell,1951,-6.83333,29.5,"(-6.833330, 29.500000)",CD
Fell,1951,-7.21667,29.43333,"(-7.216670, 29.433330)",TZ
Fell,1951,45.81667,44.63333,"(45.816670, 44.633330)",RU
Fell,1951,1,22.5,"(1.000000, 22.500000)",CD
Fell,1952,54.21667,-113,"(54.216670, -113.000000)",CA
Fell,1952,-21.46028,-49.95083,"(-21.460280, -49.950830)",BR
Fell,1952,7.05,12.43333,"(7.050000, 12.433330)",CM
Fell,1952,7.05,12.43333,"(7.050000, 12.433330)",CM
Fell,1952,32.33333,120.66667,"(32.333330, 120.666670)",CN
Fell,1952,47.13333,43.9,"(47.133330, 43.900000)",RU
Fell,1953,-27.25,-67.5,"(-27.250000, -67.500000)",AR
Fell,1953,-31.25,26.46667,"(-31.250000, 26.466670)",ZA
Fell,1953,51.66667,9.25,"(51.666670, 9.250000)",DE
Fell,1954,-33,-66,"(-33.000000, -66.000000)",AR
Fell,1954,64.43333,21.2,"(64.433330, 21.200000)",SE
Fell,1954,-8.93333,33.8,"(-8.933330, 33.800000)",TZ
Fell,1954,56.11667,37.33333,"(56.116670, 37.333330)",RU
Fell,1954,33.18836,-86.2945,"(33.188360, -86.294500)",US
Fell,1954,21.83333,111.83333,"(21.833330, 111.833330)",CN
Fell,1955,31.58333,71.6,"(31.583330, 71.600000)",PK
Fell,1955,26.78333,82.71667,"(26.783330, 82.716670)",IN
Fell,1955,38.18333,15.56667,"(38.183330, 15.566670)",IT
Fell,1955,50.2,30.25,"(50.200000, 30.250000)",UA
Fell,1956,50.66694,8.18361,"(50.666940, 8.183610)",DE
Fell,1956,43.2,-96.91667,"(43.200000, -96.916670)",US
Fell,1956,35.66667,115.5,"(35.666670, 115.500000)",CN
Fell,1956,-32.1,28.33333,"(-32.100000, 28.333330)",ZA
Fell,1956,12,1,"(12.000000, 1.000000)",BF
Fell,1956,-19.13333,-51.66667,"(-19.133330, -51.666670)",BR
Fell,1956,-31.01667,-71.4,"(-31.016670, -71.400000)",CL
Fell,1956,39.3,9.2,"(39.300000, 9.200000)",IT
Fell,1957,24.41667,39.51667,"(24.416670, 39.516670)",SA
Fell,1957,-31.88333,-60.46667,"(-31.883330, -60.466670)",AR
Fell,1957,2.88333,30.83333,"(2.883330, 30.833330)",UG
Fell,1957,-20,-45,"(-20.000000, -45.000000)",BR
Fell,1957,-26.66667,-65.45,"(-26.666670, -65.450000)",AR
Fell,1957,-4.26667,35.35,"(-4.266670, 35.350000)",TZ
Fell,1958,36.18333,139.21667,"(36.183330, 139.216670)",JP
Fell,1958,51.88333,6.93333,"(51.883330, 6.933330)",DE
Fell,1959,8.91667,8.43333,"(8.916670, 8.433330)",NG
Fell,1959,41.38333,-86.6,"(41.383330, -86.600000)",US
Fell,1959,31.6,65.78333,"(31.600000, 65.783330)",AF
Fell,1959,49.66667,14.03333,"(49.666670, 14.033330)",CZ
Fell,1959,43.43333,2.95,"(43.433330, 2.950000)",FR
Fell,1959,38.93333,48.25,"(38.933330, 48.250000)",AZ
Fell,1960,53.9,-112.88333,"(53.900000, -112.883330)",CA
Fell,1960,11.65,-2.18333,"(11.650000, -2.183330)",BF
Fell,1960,-26.45,120.36667,"(-26.450000, 120.366670)",AU
Fell,1960,27.13333,84.06667,"(27.133330, 84.066670)",IN
Fell,1960,-27.75,115.83333,"(-27.750000, 115.833330)",AU
Fell,1961,33.6,-96.46667,"(33.600000, -96.466670)",US
Fell,1961,12.73333,15.05,"(12.733330, 15.050000)",TD
Fell,1961,-17.3,15.83333,"(-17.300000, 15.833330)",NA
Fell,1961,32.675,-94.51167,"(32.675000, -94.511670)",US
Fell,1961,39.26333,31.78,"(39.263330, 31.780000)",TR
Fell,1961,30.73111,66.80222,"(30.731110, 66.802220)",PK
Fell,1961,26.66667,50.15,"(26.666670, 50.150000)",SA
Fell,1962,12.5,0.7,"(12.500000, 0.700000)",BF
Fell,1962,25.73333,73.61667,"(25.733330, 73.616670)",IN
Fell,1962,13.05,3.16667,"(13.050000, 3.166670)",NE
Fell,1962,54.4,10.15,"(54.400000, 10.150000)",DE
Fell,1962,-20.81,-49.38056,"(-20.810000, -49.380560)",BR
Fell,1962,50.76667,3,"(50.766670, 3.000000)",FR
Fell,1962,11.73333,7.08333,"(11.733330, 7.083330)",NG
Fell,1963,39.35,-100.45,"(39.350000, -100.450000)",US
Fell,1963,41,112,"(41.000000, 112.000000)",CN
Fell,1963,-3.5,35.58333,"(-3.500000, 35.583330)",TZ
Fell,1963,6.75,8.5,"(6.750000, 8.500000)",NG
Fell,1963,56.13333,-117.93333,"(56.133330, -117.933330)",CA
Fell,1963,49.975,16.375,"(49.975000, 16.375000)",CZ
Fell,1963,47.5,83,"(47.500000, 83.000000)",CN
Fell,1964,39.8,26.6,"(39.800000, 26.600000)",TR
Fell,1964,53.7,30.1,"(53.700000, 30.100000)",BY
Fell,1964,42.9,2.25,"(42.900000, 2.250000)",FR
Fell,1964,31.91667,104.91667,"(31.916670, 104.916670)",CN
Fell,1964,26.13333,85.53333,"(26.133330, 85.533330)",IN
Fell,1964,9,39,"(9.000000, 39.000000)",ET
Fell,1965,52.56528,-1.33972,"(52.565280, -1.339720)",GB
Fell,1965,-19.85,-47.55,"(-19.850000, -47.550000)",BR
Fell,1965,51.33333,-118.95,"(51.333330, -118.950000)",CA
Fell,1965,45.4,122.9,"(45.400000, 122.900000)",CN
Fell,1966,-17.35,13.96667,"(-17.350000, 13.966670)",NA
Fell,1966,43.46667,25.51667,"(43.466670, 25.516670)",BG
Fell,1966,45.3,0.23333,"(45.300000, 0.233330)",FR
Fell,1966,21.68389,79.50083,"(21.683890, 79.500830)",IN
Fell,1966,13.46667,31.21667,"(13.466670, 31.216670)",SD
Fell,1967,39.7825,-104.93056,"(39.782500, -104.930560)",US
Fell,1967,11.63333,24.68333,"(11.633330, 24.683330)",SD
Fell,1967,-6.23333,-40.7,"(-6.233330, -40.700000)",BR
Fell,1967,19.38333,43.73333,"(19.383330, 43.733330)",SA
Fell,1967,45.46667,105.38333,"(45.466670, 105.383330)",MN
Fell,1967,54.225,-111.69167,"(54.225000, -111.691670)",CA
Fell,1967,-26.59278,120.32833,"(-26.592780, 120.328330)",AU
Fell,1968,2.71667,32.83333,"(2.716670, 32.833330)",UG
Fell,1968,38.74028,-7.27,"(38.740280, -7.270000)",PT
Fell,1968,44.24417,11.50222,"(44.244170, 11.502220)",IT
Fell,1968,19.76667,-100.65,"(19.766670, -100.650000)",MX
Fell,1968,42.86083,-73.95028,"(42.860830, -73.950280)",US
Fell,1969,26.96667,-105.31667,"(26.966670, -105.316670)",MX
Fell,1969,48.7,37.5,"(48.700000, 37.500000)",UA
Fell,1969,54.56667,-6.33333,"(54.566670, -6.333330)",GB
Fell,1969,-36.61667,145.2,"(-36.616670, 145.200000)",AU
Fell,1969,20.93694,82.05,"(20.936940, 82.050000)",IN
Fell,1969,50.53806,16.26333,"(50.538060, 16.263330)",CZ
Fell,1970,32.91667,120.78333,"(32.916670, 120.783330)",CN
Fell,1970,-27.2,31.31667,"(-27.200000, 31.316670)",SZ
Fell,1970,16.58333,-11.33333,"(16.583330, -11.333330)",MR
Fell,1970,36.00833,-95.15,"(36.008330, -95.150000)",US
Fell,1970,9.5,31.75,"(9.500000, 31.750000)",SS
Fell,1970,9.5,35.33333,"(9.500000, 35.333330)",ET
Fell,1970,14.25,1.53333,"(14.250000, 1.533330)",NE
Fell,1970,11.05,-69.85,"(11.050000, -69.850000)",VE
Fell,1971,25.15,105.18333,"(25.150000, 105.183330)",CN
Fell,1971,60.24556,22.06194,"(60.245560, 22.061940)",FI
Fell,1971,11.85,8.21667,"(11.850000, 8.216670)",NG
Fell,1971,-22.25,-49.93333,"(-22.250000, -49.933330)",BR
Fell,1971,45.29167,11.52722,"(45.291670, 11.527220)",IT
Fell,1971,43.5,125.66667,"(43.500000, 125.666670)",CN
Fell,1971,41.7,-72.65,"(41.700000, -72.650000)",US
Fell,1972,13.5,-0.68333,"(13.500000, -0.683330)",BF
Fell,1972,-25.5,-54.5,"(-25.500000, -54.500000)",BR
Fell,1972,9.31667,-70.62833,"(9.316670, -70.628330)",VE
Fell,1973,38.47028,-105.24139,"(38.470280, -105.241390)",US
Fell,1973,-26.15,26.18333,"(-26.150000, 26.183330)",ZA
Fell,1973,33.48472,-117.6625,"(33.484720, -117.662500)",US
Fell,1974,16.39806,-9.57028,"(16.398060, -9.570280)",MR
Fell,1974,30.3,109.5,"(30.300000, 109.500000)",CN
Fell,1974,48.28333,38.08333,"(48.283330, 38.083330)",UA
Fell,1974,-11.85,15.83333,"(-11.850000, 15.833330)",AO
Fell,1974,8.96667,12.08333,"(8.966670, 12.083330)",NG
Fell,1974,33.75,51.5,"(33.750000, 51.500000)",IR
Fell,1974,41.2,-73.13333,"(41.200000, -73.133330)",US
Fell,1975,-6.03333,145.36667,"(-6.033330, 145.366670)",PG
Fell,1975,29.86667,121.48333,"(29.866670, 121.483330)",CN
Fell,1975,-7.75,112.76667,"(-7.750000, 112.766670)",ID
Fell,1975,21.66667,-103.36667,"(21.666670, -103.366670)",MX
Fell,1976,16.88333,-99.9,"(16.883330, -99.900000)",MX
Fell,1976,22.37778,71.42722,"(22.377780, 71.427220)",IN
Fell,1976,-13.66667,33.91667,"(-13.666670, 33.916670)",MW
Fell,1976,43.33333,128.25,"(43.333330, 128.250000)",CN
Fell,1976,60.66667,11,"(60.666670, 11.000000)",NO
Fell,1976,44.05,126.16667,"(44.050000, 126.166670)",CN
Fell,1976,35.2,118.8,"(35.200000, 118.800000)",CN
Fell,1976,26.53333,106.46667,"(26.533330, 106.466670)",CN
Fell,1976,-1.45,29.83333,"(-1.450000, 29.833330)",RW
Fell,1976,33.65,120.06667,"(33.650000, 120.066670)",CN
Fell,1976,39.66667,122.98333,"(39.666670, 122.983330)",CN
Fell,1977,35.27333,44.21556,"(35.273330, 44.215560)",IQ
Fell,1977,33.83333,115.83333,"(33.833330, 115.833330)",CN
Fell,1977,29.08333,111.75,"(29.083330, 111.750000)",CN
Fell,1977,25.37,-97.37,"(25.370000, -97.370000)",MX
Fell,1977,32.9,115.9,"(32.900000, 115.900000)",CN
Fell,1977,-23.2,-51.83333,"(-23.200000, -51.833330)",BR
Fell,1977,53.415,-111.3375,"(53.415000, -111.337500)",CA
Fell,1977,44.51667,39.3,"(44.516670, 39.300000)",RU
Fell,1977,38.25,-85.75,"(38.250000, -85.750000)",US
Fell,1977,32.33333,114.31667,"(32.333330, 114.316670)",CN
Fell,1978,47.47083,0.97667,"(47.470830, 0.976670)",FR
Fell,1978,31.63333,118.98333,"(31.633330, 118.983330)",CN
Fell,1978,24.3,-102.13333,"(24.300000, -102.133330)",MX
Fell,1979,-6.95,108.1,"(-6.950000, 108.100000)",ID
Fell,1979,39.7,105.8,"(39.700000, 105.800000)",CN
Fell,1980,37.1,118.4,"(37.100000, 118.400000)",CN
Fell,1980,15,48.3,"(15.000000, 48.300000)",YE
Fell,1980,24.8,103.3,"(24.800000, 103.300000)",CN
Fell,1980,34.8,111.7,"(34.800000, 111.700000)",CN
Fell,1980,31.25,-99.03333,"(31.250000, -99.033330)",US
Fell,1980,44.66667,117.5,"(44.666670, 117.500000)",CN
Fell,1981,39.91667,42.81667,"(39.916670, 42.816670)",TR
Fell,1981,17.9,101.63333,"(17.900000, 101.633330)",TH
Fell,1981,35.61667,8.83333,"(35.616670, 8.833330)",TN
Fell,1981,9.36667,42.41667,"(9.366670, 42.416670)",ET
Fell,1981,-15.21222,35.24222,"(-15.212220, 35.242220)",MW
Fell,1981,64.02,161.80833,"(64.020000, 161.808330)",RU
Fell,1981,44.97917,-122.96944,"(44.979170, -122.969440)",US
Fell,1982,22.98333,76.05,"(22.983330, 76.050000)",IN
Fell,1982,32.08333,121.5,"(32.083330, 121.500000)",CN
Fell,1982,41.71056,-72.67361,"(41.710560, -72.673610)",US
Fell,1983,24.1,105,"(24.100000, 105.000000)",CN
Fell,1983,14,28,"(14.000000, 28.000000)",SD
Fell,1983,35.8,-84.1,"(35.800000, -84.100000)",US
Fell,1983,32.925,105.90667,"(32.925000, 105.906670)",CN
Fell,1983,28.225,70.2,"(28.225000, 70.200000)",PK
Fell,1984,40.81056,140.78556,"(40.810560, 140.785560)",JP
Fell,1984,-33.15639,115.67639,"(-33.156390, 115.676390)",AU
Fell,1984,32.1025,-81.87278,"(32.102500, -81.872780)",US
Fell,1984,12.85,11.03333,"(12.850000, 11.033330)",NG
Fell,1984,11.49167,11.65833,"(11.491670, 11.658330)",NG
Fell,1984,-7.71667,111.2,"(-7.716670, 111.200000)",ID
Fell,1984,32.11667,121.8,"(32.116670, 121.800000)",CN
Fell,1984,38.36667,140.86556,"(38.366670, 140.865560)",JP
Fell,1984,32.3,112.75,"(32.300000, 112.750000)",CN
Fell,1984,45.81667,125.91667,"(45.816670, 125.916670)",CN
Fell,1985,-31.23333,-58.16667,"(-31.233330, -58.166670)",AR
Fell,1985,52.75,11.05,"(52.750000, 11.050000)",DE
Fell,1986,34.3,133.95,"(34.300000, 133.950000)",JP
Fell,1986,46.24167,126.19611,"(46.241670, 126.196110)",CN
Fell,1986,30.18,-6.57717,"(30.180000, -6.577170)",MA
Fell,1986,27.72528,76.465,"(27.725280, 76.465000)",IN
Fell,1986,35.86667,139.4,"(35.866670, 139.400000)",JP
Fell,1986,31.61667,113.46667,"(31.616670, 113.466670)",CN
Fell,1986,32.94667,118.99,"(32.946670, 118.990000)",CN
Fell,1986,66.13889,124.76667,"(66.138890, 124.766670)",RU
Fell,1986,36.75,114.25,"(36.750000, 114.250000)",CN
Fell,1987,33.13333,115.16667,"(33.133330, 115.166670)",CN
Fell,1988,26.46667,-105.23333,"(26.466670, -105.233330)",MX
Fell,1988,-3.66667,32.5,"(-3.666670, 32.500000)",TZ
Fell,1988,-10.05944,33.395,"(-10.059440, 33.395000)",MW
Fell,1988,-23.11667,-65.1,"(-23.116670, -65.100000)",AR
Fell,1988,45.06667,7.66667,"(45.066670, 7.666670)",IT
Fell,1988,52.21667,13.16667,"(52.216670, 13.166670)",DE
Fell,1989,11.08333,-0.18333,"(11.083330, -0.183330)",GH
Fell,1989,34.41667,3.25,"(34.416670, 3.250000)",DZ
Fell,1989,11.33367,-3.54217,"(11.333670, -3.542170)",BF
Fell,1989,34.75,10.71667,"(34.750000, 10.716670)",TN
Fell,1989,39.82467,36.13583,"(39.824670, 36.135830)",TR
Fell,1989,32.43333,119.86667,"(32.433330, 119.866670)",CN
Fell,1989,41.76667,62.51667,"(41.766670, 62.516670)",UZ
Fell,1990,37.62194,-82.23722,"(37.621940, -82.237220)",US
Fell,1990,52.2,6.86667,"(52.200000, 6.866670)",NL
Fell,1990,26.59083,-12.95217,"(26.590830, -12.952170)",EH
Fell,1990,-19.48333,31.65,"(-19.483330, 31.650000)",ZW
Fell,1990,44.61667,126.13333,"(44.616670, 126.133330)",CN
Fell,1990,53.66667,55.98333,"(53.666670, 55.983330)",RU
Fell,1990,24.56667,114.16667,"(24.566670, 114.166670)",CN
Fell,1991,-7.03333,-40.16667,"(-7.033330, -40.166670)",BR
Fell,1991,52.45972,-0.3,"(52.459720, -0.300000)",GB
Fell,1991,18.7,4.8,"(18.700000, 4.800000)",ML
Fell,1991,40.08528,-86.055,"(40.085280, -86.055000)",US
Fell,1991,34.72,137.305,"(34.720000, 137.305000)",JP
Fell,1992,1.06667,34.16667,"(1.066670, 34.166670)",UG
Fell,1992,35.56833,133.22,"(35.568330, 133.220000)",JP
Fell,1992,41.28333,-73.91667,"(41.283330, -73.916670)",US
Fell,1993,16.66667,101.18333,"(16.666670, 101.183330)",TH
Fell,1993,19.96722,-103.05167,"(19.967220, -103.051670)",MX
Fell,1993,39.43833,140.51167,"(39.438330, 140.511670)",JP
Fell,1993,45.25,125,"(45.250000, 125.000000)",CN
Fell,1994,52.03333,20.93583,"(52.033330, 20.935830)",PL
Fell,1994,43.76111,-84.50778,"(43.761110, -84.507780)",US
Fell,1994,24.225,76.525,"(24.225000, 76.525000)",IN
Fell,1994,26.96556,72.62667,"(26.965560, 72.626670)",IN
Fell,1994,15.36667,35.68333,"(15.366670, 35.683330)",SD
Fell,1994,45.96861,-72.97806,"(45.968610, -72.978060)",CA
Fell,1995,45.5,119.03333,"(45.500000, 119.033330)",CN
Fell,1995,51.68333,30.78333,"(51.683330, 30.783330)",UA
Fell,1995,36.44917,136.46528,"(36.449170, 136.465280)",JP
Fell,1995,14.052,0.42,"(14.052000, 0.420000)",NE
Fell,1995,20.93333,-101.38333,"(20.933330, -101.383330)",MX
Fell,1996,43.18111,13.75333,"(43.181110, 13.753330)",IT
Fell,1996,39.80417,122.76389,"(39.804170, 122.763890)",CN
Fell,1996,26.03472,73.94167,"(26.034720, 73.941670)",IN
Fell,1996,36.06333,140.145,"(36.063330, 140.145000)",JP
Fell,1996,45.34583,-92.05167,"(45.345830, -92.051670)",US
Fell,1997,35.5,115.41667,"(35.500000, 115.416670)",CN
Fell,1997,16.83333,80.75,"(16.833330, 80.750000)",IN
Fell,1997,42.38467,-83.6115,"(42.384670, -83.611500)",US
Fell,1998,28.53333,109.31667,"(28.533330, 109.316670)",CN
Fell,1998,41.98444,59.685,"(41.984440, 59.685000)",TM
Fell,1998,39.24667,-104.58817,"(39.246670, -104.588170)",US
Fell,1998,43.38333,-80.38333,"(43.383330, -80.383330)",CA
Fell,1998,42.25,59.2,"(42.250000, 59.200000)",TM
Fell,1998,31.60833,-102.85833,"(31.608330, -102.858330)",US
Fell,1998,37.60833,-8.28,"(37.608330, -8.280000)",PT
Fell,1998,34.175,-103.295,"(34.175000, -103.295000)",US
Fell,1998,27.33333,-9.33333,"(27.333330, -9.333330)",DZ
Fell,1999,12.45,-0.08333,"(12.450000, -0.083330)",BF
Fell,1999,36.95,9.55,"(36.950000, 9.550000)",TN
Fell,1999,-31.66667,152.83333,"(-31.666670, 152.833330)",AU
Fell,1999,11.33333,10.08333,"(11.333330, 10.083330)",NG
Fell,1999,34.73333,135.16667,"(34.733330, 135.166670)",JP
Fell,1999,52.66667,-6.96667,"(52.666670, -6.966670)",IE
Fell,1999,23.08333,91.66667,"(23.083330, 91.666670)",IN
Fell,2000,14.15083,-2.04167,"(14.150830, -2.041670)",BF
Fell,2000,49.6,18.53333,"(49.600000, 18.533330)",CZ
Fell,2000,59.70444,-134.20139,"(59.704440, -134.201390)",CA
Fell,2000,13.71111,45.17,"(13.711110, 45.170000)",YE
Fell,2001,13.66033,28.96,"(13.660330, 28.960000)",SD
Fell,2001,32.86667,10.8,"(32.866670, 10.800000)",TN
Fell,2001,39.77978,64.60035,"(39.779780, 64.600350)",UZ
Fell,2001,26.68333,93.86667,"(26.683330, 93.866670)",IN
Fell,2001,19,81,"(19.000000, 81.000000)",IN
Fell,2002,45.82133,6.01533,"(45.821330, 6.015330)",FR
Fell,2002,30,-7,"(30.000000, -7.000000)",MA
Fell,2002,26.50833,73.11528,"(26.508330, 73.115280)",IN
Fell,2002,12.76667,9.8,"(12.766670, 9.800000)",NG
Fell,2002,-14.2,48.1,"(-14.200000, 48.100000)",MG
Fell,2002,47.525,10.80833,"(47.525000, 10.808330)",AT
Fell,2002,43.66667,13,"(43.666670, 13.000000)",IT
Fell,2002,-29.33333,27.58333,"(-29.333330, 27.583330)",LS
Fell,2003,17.71067,-11.3715,"(17.710670, -11.371500)",MR
Fell,2003,34.45,132.38333,"(34.450000, 132.383330)",JP
Fell,2003,1.345,31.47278,"(1.345000, 31.472780)",UG
Fell,2003,29.58333,77.58333,"(29.583330, 77.583330)",IN
Fell,2003,20.4625,86.70278,"(20.462500, 86.702780)",IN
Fell,2003,29.94718,-90.10976,"(29.947180, -90.109760)",US
Fell,2003,12.9,0.08,"(12.900000, 0.080000)",BF
Fell,2003,24.3,-13.1,"(24.300000, -13.100000)",MA
Fell,2003,41.48472,-87.67917,"(41.484720, -87.679170)",US
Fell,2004,32.25,-8.15,"(32.250000, -8.150000)",MA
Fell,2004,40.30583,-105.02325,"(40.305830, -105.023250)",US
Fell,2004,20.33916,73.22329,"(20.339160, 73.223290)",IN
Fell,2004,12.83333,9.38333,"(12.833330, 9.383330)",NG
Fell,2004,28.5475,-81.36222,"(28.547500, -81.362220)",US
Fell,2004,42.8,-4.66667,"(42.800000, -4.666670)",ES
Fell,2006,15.78333,-5.9,"(15.783330, -5.900000)",ML
Fell,2006,22.68,70.31333,"(22.680000, 70.313330)",IN
Fell,2006,25.14333,75.81333,"(25.143330, 75.813330)",IN
Fell,2006,59.43333,10.7,"(59.433330, 10.700000)",NO
Fell,2006,32.79732,21.78713,"(32.797320, 21.787130)",LY
Fell,2007,-31.35,129.19,"(-31.350000, 129.190000)",AU
Fell,2007,3.405,-76.51,"(3.405000, -76.510000)",CO
Fell,2007,-16.66444,-69.04389,"(-16.664440, -69.043890)",PE
Fell,2007,23.69639,-5.01472,"(23.696390, -5.014720)",ML
Fell,2007,37.35172,27.32997,"(37.351720, 27.329970)",TR
Fell,2007,27.66667,95.78333,"(27.666670, 95.783330)",IN
Fell,2007,39.35,-3.51667,"(39.350000, -3.516670)",ES
Fell,2007,38.13742,-119.75812,"(38.137420, -119.758120)",US
Fell,2008,20.74575,32.41275,"(20.745750, 32.412750)",EG
Fell,2008,-31.91,-58.32833,"(-31.910000, -58.328330)",AR
Fell,2008,52.996,-109.84817,"(52.996000, -109.848170)",CA
Fell,2008,-1.87089,-79.95756,"(-1.870890, -79.957560)",EC
Fell,2008,36.54194,29.41822,"(36.541940, 29.418220)",TR
Fell,2008,45.275,26.70972,"(45.275000, 26.709720)",RO
Fell,2008,-31.535556,-68.489444,"(-31.535556, -68.489444)",AR
Fell,2008,12.66667,78.03333,"(12.666670, 78.033330)",IN
Fell,2008,31.16333,-7.015,"(31.163330, -7.015000)",MA
Fell,2009,31.805,-97.01,"(31.805000, -97.010000)",US
Fell,2009,43.2,-79.61667,"(43.200000, -79.616670)",CA
Fell,2009,46.42137,14.05217,"(46.421370, 14.052170)",SI
Fell,2009,54.76183,11.46745,"(54.761830, 11.467450)",DK
Fell,2009,31.96185,-110.434183,"(31.961850, -110.434183)",US
Fell,2010,26.46469,106.63241,"(26.464690, 106.632410)",CN
Fell,2010,48.76367,21.17633,"(48.763670, 21.176330)",SK
Fell,2010,38.70066,-77.21163,"(38.700660, -77.211630)",US
Fell,2010,42.9075,-90.36556,"(42.907500, -90.365560)",US
Fell,2010,-20.85001,-41.73356,"(-20.850010, -41.733560)",BR
Fell,2011,17.17493,-11.34133,"(17.174930, -11.341330)",MR
Fell,2011,54.00883,22.005,"(54.008830, 22.005000)",PL
Fell,2011,-1.00278,37.15028,"(-1.002780, 37.150280)",KE
Fell,2011,29.48195,-7.61123,"(29.481950, -7.611230)",MA
Fell,2012,40.66813,-117.18913,"(40.668130, -117.189130)",US
Fell,2012,38.80389,-120.90806,"(38.803890, -120.908060)",US
Fell,2013,54.81667,61.11667,"(54.816670, 61.116670)",RU